Claim_ID,Policy_Type,Claim_Amount,Claim_Date
CLM-001,Home,33574.74,2025-02-24
CLM-002,Life,1654.57,"February 14, 2025"
CLM-003,Life,21849.12,2025-01-25
CLM-004,Life,"$4,664.27","October 04, 2025"
CLM-005,Home,"$44,853.00","June 29, 2025"
CLM-006,Auto,27753.15,2025-11-08
CLM-007,Life,44183.82,"November 23, 2025"
CLM-008,,7745.09,19/11/2025
CLM-009,Life,22638.12,"November 16, 2025"
CLM-010,Home,33530.38,"March 01, 2025"
CLM-011,Health,26999.82,14/09/2025
CLM-012,Home,37717.49,2025-09-05
CLM-013,,,"July 08, 2025"
CLM-014,Auto,12976.01,
CLM-015,Home,1961.37,
CLM-016,Auto,33300.31,"October 09, 2025"
CLM-017,Health,5506.19,05/06/2025
CLM-018,Health,,15/06/2025
CLM-019,Auto,13665.28,2025-04-14
CLM-020,Health,6872.83,2025-07-30
CLM-021,Health,17574.28,2025-07-18
CLM-022,Home,40123.48,14/04/2025
CLM-023,Auto,"$26,959.60",23/10/2025
CLM-024,,4167.35,13/11/2025
CLM-025,,23094.24,"March 15, 2025"
CLM-026,Life,17018.03,2025-06-12
CLM-027,Health,,"February 22, 2025"
CLM-028,Auto,42063.34,2025-01-27
CLM-029,Life,"$6,695.08","March 25, 2025"
CLM-030,Health,39406.59,"August 31, 2025"
CLM-031,Life,,01/10/2025
CLM-032,Health,43716.58,05/09/2025
CLM-033,Home,22569.14,"August 29, 2025"
CLM-034,Home,7644.11,"June 14, 2025"
CLM-035,Health,9457.82,2025-02-25
CLM-036,Home,4741.23,
CLM-037,Life,10168.75,2025-08-10
CLM-038,Home,7774.28,11/01/2025
CLM-039,Home,39852.9,"August 27, 2025"
CLM-040,Home,30295.05,"March 22, 2025"
CLM-041,Life,9785.86,"July 12, 2025"
CLM-042,Home,48983.64,2025-12-11
CLM-043,Home,"$32,082.67",14/07/2025
CLM-044,Auto,42850.56,"August 06, 2025"
CLM-045,Home,42601.35,17/01/2025
CLM-046,,47923.81,"December 29, 2025"
CLM-047,Health,38919.6,"September 10, 2025"
CLM-048,Life,"$26,567.31",01/08/2025
CLM-049,Home,22232.52,2025-02-08
CLM-050,Health,9556.52,"December 05, 2025"
CLM-051,Life,45441.2,19/10/2025
CLM-052,Home,16766.94,2025-10-18
CLM-053,,"$42,496.23","April 22, 2025"
CLM-054,Auto,31516.59,25/07/2025
CLM-055,Health,44393.7,05/07/2025
CLM-056,Life,,"December 10, 2025"
CLM-057,Auto,15532.23,"June 20, 2025"
CLM-058,Home,"$45,061.10",2025-06-23
CLM-059,Home,34390.99,"May 23, 2025"
CLM-060,Auto,15309.16,"December 14, 2025"
CLM-061,Home,40883.22,05/06/2025
CLM-062,Home,19390.06,"July 22, 2025"
CLM-063,Home,43549.11,2025-09-18
CLM-064,Life,"$28,009.12",02/07/2025
CLM-065,Auto,47631.46,"September 13, 2025"
CLM-066,Home,"$36,694.10",11/11/2025
CLM-067,Life,10683.75,"November 26, 2025"
CLM-068,Life,31315.82,2025-12-07
CLM-069,Health,12450.86,01/06/2025
CLM-070,Life,"$5,524.39",24/03/2025
CLM-071,,32322.81,2025-12-14
CLM-072,Auto,8792.0,2025-11-17
CLM-073,Health,43638.12,"January 17, 2025"
CLM-074,Auto,33295.24,"January 01, 2026"
CLM-075,,28754.03,2025-08-24
CLM-076,Home,,"September 13, 2025"
CLM-077,Health,39290.22,19/07/2025
CLM-078,Home,,26/01/2025
CLM-079,Auto,46540.02,2025-11-13
CLM-080,Health,39623.96,21/05/2025
CLM-081,Auto,3819.08,
CLM-082,Home,33709.38,2025-06-15
CLM-083,Auto,26008.64,2025-05-21
CLM-084,Home,1040.47,"August 04, 2025"
CLM-085,Auto,18752.9,
CLM-086,,42607.06,"October 07, 2025"
CLM-087,Health,"$38,942.04",11/05/2025
CLM-088,Auto,28761.3,2025-12-26
CLM-089,,37092.14,"May 14, 2025"
CLM-090,Health,"$36,000.90",2025-08-08
CLM-091,Health,13493.36,2025-03-18
CLM-092,Home,"$45,872.27",2025-11-07
CLM-093,Auto,48645.78,"December 09, 2025"
CLM-094,Health,34858.28,22/09/2025
CLM-095,,33179.82,2025-04-26
CLM-096,Home,26716.75,20/04/2025
CLM-097,,5023.44,2025-10-09
CLM-098,Life,,17/03/2025
CLM-099,Auto,28196.4,2025-07-05
CLM-100,Life,"$11,927.97",2025-05-20
CLM-101,Health,722.68,"June 13, 2025"
CLM-102,Health,9674.81,2025-06-15
CLM-103,Auto,31894.83,"November 25, 2025"
CLM-104,Life,28701.57,03/05/2025
CLM-105,Home,"$23,794.53",2025-02-11
CLM-106,Life,24786.38,18/12/2025
CLM-107,Home,19521.72,
CLM-108,Life,15294.17,2025-04-16
CLM-109,Home,"$7,538.71","January 08, 2025"
CLM-110,Home,"$13,313.99","February 23, 2025"
CLM-111,Home,11543.97,2025-11-10
CLM-112,,"$42,415.22",2025-11-15
CLM-113,Health,15094.72,18/10/2025
CLM-114,Health,37390.97,"September 21, 2025"
CLM-115,Auto,12217.1,27/04/2025
CLM-116,Health,31613.84,"January 21, 2025"
CLM-117,Life,10710.87,"August 15, 2025"
CLM-118,Auto,12864.08,2025-05-21
CLM-119,Life,"$30,739.36","November 25, 2025"
CLM-120,Auto,15439.96,"September 22, 2025"
CLM-121,Health,20140.76,2025-01-27
CLM-122,,"$16,040.42","August 19, 2025"
CLM-123,Auto,6048.34,2025-10-05
CLM-124,Health,12772.57,"November 25, 2025"
CLM-125,Health,25002.76,"December 09, 2025"
CLM-126,Auto,39336.4,08/11/2025
CLM-127,Auto,"$44,002.28",21/09/2025
CLM-128,Life,"$32,497.96",2025-05-25
CLM-129,Health,"$13,993.10","November 29, 2025"
CLM-130,Life,"$47,849.59","December 14, 2025"
CLM-131,Home,807.23,"October 06, 2025"
CLM-132,Home,49396.23,"April 11, 2025"
CLM-133,Auto,42324.11,2025-10-22
CLM-134,Life,24099.26,08/01/2025
CLM-135,Health,2186.31,30/03/2025
CLM-136,Health,"$20,338.65","October 17, 2025"
CLM-137,Home,"$14,477.05",30/04/2025
CLM-138,Health,15034.62,18/02/2025
CLM-139,Life,49920.52,11/05/2025
CLM-140,Auto,37141.12,"August 31, 2025"
CLM-141,Home,46385.16,07/08/2025
CLM-142,Life,32000.09,2025-01-13
CLM-143,Health,27046.84,2025-12-31
CLM-144,Health,11659.8,"October 25, 2025"
CLM-145,Life,31756.7,"April 04, 2025"
CLM-146,Home,35638.27,"January 25, 2025"
CLM-147,Health,19302.86,"July 12, 2025"
CLM-148,Health,41992.02,"July 03, 2025"
CLM-149,Health,12247.16,"November 17, 2025"
CLM-150,Health,"$22,492.53",26/01/2025
CLM-151,Life,2006.12,31/03/2025
CLM-152,Home,,2025-09-19
CLM-153,,"$49,033.15",2025-12-10
CLM-154,Home,43814.74,"February 23, 2025"
CLM-155,Life,41712.81,08/08/2025
CLM-156,Home,30786.09,2025-02-15
CLM-157,Home,4076.79,"July 09, 2025"
CLM-158,Auto,34181.13,2025-08-04
CLM-159,Health,37504.22,09/12/2025
CLM-160,Auto,19889.65,"August 12, 2025"
CLM-161,Life,"$30,634.01",2025-08-24
CLM-162,,46683.88,"January 30, 2025"
CLM-163,Life,8412.45,
CLM-164,Life,28282.65,2025-01-27
CLM-165,Health,10185.81,2025-09-16
CLM-166,Life,37956.6,"June 20, 2025"
CLM-167,Auto,,11/12/2025
CLM-168,Auto,2733.77,"February 17, 2025"
CLM-169,Home,13325.59,26/05/2025
CLM-170,Life,3500.54,26/11/2025
CLM-171,Auto,,25/04/2025
CLM-172,Health,31160.52,"July 24, 2025"
CLM-173,Home,45102.27,"January 19, 2025"
CLM-174,Health,6388.74,2025-10-23
CLM-175,Life,"$35,156.77","July 04, 2025"
CLM-176,Auto,12833.82,30/04/2025
CLM-177,Health,,2025-07-19
CLM-178,Auto,42270.89,"November 17, 2025"
CLM-179,Auto,48854.2,2025-03-04
CLM-180,,"$12,901.17",2025-04-13
CLM-181,Life,,2025-11-23
CLM-182,Health,"$26,844.22",2025-12-12
CLM-183,Life,"$1,296.92",2025-10-26
CLM-184,Auto,36673.77,"February 08, 2025"
CLM-185,Health,40710.7,"June 14, 2025"
CLM-186,Home,29739.42,"December 20, 2025"
CLM-187,Auto,27456.75,2025-10-02
CLM-188,Auto,24972.25,27/01/2025
CLM-189,Health,36986.79,2025-12-01
CLM-190,Auto,,15/04/2025
CLM-191,,47844.67,2025-04-08
CLM-192,Home,20053.08,2025-08-02
CLM-193,Auto,18511.82,01/01/2025
CLM-194,Auto,,25/05/2025
CLM-195,Home,43765.61,28/09/2025
CLM-196,Life,3547.14,2025-08-12
CLM-197,Health,35644.6,2025-12-20
CLM-198,Auto,"$2,553.05",10/04/2025
CLM-199,Home,27988.71,"July 03, 2025"
CLM-200,Life,32602.22,19/08/2025
CLM-201,Health,"$38,604.24",16/05/2025
CLM-202,Health,"$38,143.91",2025-01-29
CLM-203,Life,"$43,939.03",13/06/2025
CLM-204,Health,42354.61,2025-06-21
CLM-205,,43790.31,
CLM-206,Life,,
CLM-207,Auto,21296.21,"November 11, 2025"
CLM-208,Life,"$12,506.88",07/09/2025
CLM-209,Home,42240.98,16/02/2025
CLM-210,Home,9269.7,"April 16, 2025"
CLM-211,Auto,31963.21,"January 31, 2025"
CLM-212,Home,44905.25,"April 29, 2025"
CLM-213,Life,"$42,235.40",
CLM-214,Health,1610.87,"October 03, 2025"
CLM-215,Life,19662.53,2025-06-06
CLM-216,Life,,"May 27, 2025"
CLM-217,Health,"$7,659.13",2025-08-18
CLM-218,Auto,29551.11,2025-10-13
CLM-219,Auto,"$19,028.55","July 02, 2025"
CLM-220,Auto,15368.32,"July 23, 2025"
CLM-221,Auto,3004.0,2025-03-28
CLM-222,Life,5958.07,"March 09, 2025"
CLM-223,Home,40510.1,21/03/2025
CLM-224,Auto,29523.98,28/10/2025
CLM-225,Life,15808.57,29/09/2025
CLM-226,Health,43012.37,2025-04-20
CLM-227,Auto,12327.24,2025-09-25
CLM-228,,"$39,045.31",02/01/2025
CLM-229,Life,"$42,636.14","December 10, 2025"
CLM-230,Life,6916.87,11/08/2025
CLM-231,Health,49200.25,2025-01-21
CLM-232,,16207.42,"May 01, 2025"
CLM-233,Life,30646.71,20/01/2025
CLM-234,Life,"$34,459.55",
CLM-235,Home,"$49,947.69","February 17, 2025"
CLM-236,Life,39219.58,
CLM-237,Life,18573.92,03/02/2025
CLM-238,Home,4577.15,04/12/2025
CLM-239,Home,2988.32,"October 31, 2025"
CLM-240,Health,32449.55,2025-06-03
CLM-241,Auto,41634.57,22/05/2025
CLM-242,Home,42236.27,2025-02-25
CLM-243,Auto,36495.46,
CLM-244,Auto,34768.98,"November 23, 2025"
CLM-245,Life,24483.77,2025-11-05
CLM-246,Auto,13021.79,08/10/2025
CLM-247,Auto,17507.03,2025-01-07
CLM-248,Life,38799.84,2025-08-25
CLM-249,Life,47635.14,"September 11, 2025"
CLM-250,Auto,48934.45,"November 11, 2025"
CLM-251,Auto,29802.81,2025-11-05
CLM-252,Health,36576.15,2025-12-20
CLM-253,Life,15383.85,"January 05, 2025"
CLM-254,Life,8155.13,2025-10-16
CLM-255,Health,23753.43,2025-03-21
CLM-256,Health,21693.57,
CLM-257,Life,17477.67,2025-11-09
CLM-258,Health,"$41,544.45",2025-10-01
CLM-259,Home,38334.85,04/12/2025
CLM-260,Auto,16660.8,22/04/2025
CLM-261,Home,20857.82,2025-07-04
CLM-262,Home,"$38,281.53",21/02/2025
CLM-263,Health,5467.32,
CLM-264,Auto,21116.46,"July 28, 2025"
CLM-265,Auto,"$38,373.48","April 04, 2025"
CLM-266,Life,"$15,374.77",2025-02-25
CLM-267,Health,13206.14,2025-09-11
CLM-268,Auto,"$27,344.01",2025-02-28
CLM-269,Health,40747.76,"January 30, 2025"
CLM-270,Life,33123.49,21/08/2025
CLM-271,Health,42695.1,26/11/2025
CLM-272,Home,17736.21,"March 29, 2025"
CLM-273,Life,47405.03,05/02/2025
CLM-274,Health,28623.32,03/06/2025
CLM-275,Health,16184.96,16/12/2025
CLM-276,Auto,22571.51,10/06/2025
CLM-277,Auto,5454.41,"June 23, 2025"
CLM-278,Home,30929.3,2025-05-14
CLM-279,Auto,49050.69,"March 11, 2025"
CLM-280,Health,32340.6,2025-11-03
CLM-281,Health,27474.34,"November 21, 2025"
CLM-282,Auto,,2025-01-06
CLM-283,Auto,"$5,321.29",11/01/2025
CLM-284,Health,"$24,408.61","December 24, 2025"
CLM-285,Health,7142.57,16/01/2025
CLM-286,Health,3400.2,25/08/2025
CLM-287,Life,17639.53,"May 22, 2025"
CLM-288,Health,10511.17,2025-04-17
CLM-289,Home,,24/04/2025
CLM-290,Health,37641.79,2025-06-21
CLM-291,Home,17715.55,2025-08-01
CLM-292,Health,44032.0,06/01/2025
CLM-293,Health,5208.59,11/09/2025
CLM-294,Home,5181.32,2025-01-27
CLM-295,Health,9159.54,08/02/2025
CLM-296,Life,20352.48,25/12/2025
CLM-297,Health,47409.93,31/01/2025
CLM-298,Life,"$47,143.53","January 25, 2025"
CLM-299,Auto,24914.45,25/12/2025
CLM-300,Auto,17042.14,2025-01-07
CLM-301,Health,42481.81,"September 25, 2025"
CLM-302,Life,21883.76,05/11/2025
CLM-303,Life,,13/11/2025
CLM-304,Life,18238.42,03/10/2025
CLM-305,Auto,31109.34,"February 07, 2025"
CLM-306,Life,,04/11/2025
CLM-307,Life,2526.65,23/10/2025
CLM-308,Health,3316.12,2025-10-17
CLM-309,Home,3683.03,2025-07-28
CLM-310,Health,"$7,245.57",
CLM-311,Health,49139.52,"November 11, 2025"
CLM-312,Auto,"$20,241.79",2025-12-21
CLM-313,Health,,17/03/2025
CLM-314,Life,16709.13,2025-09-30
CLM-315,Home,,"February 10, 2025"
CLM-316,Auto,8411.32,
CLM-317,Auto,2971.07,2025-06-05
CLM-318,Life,24769.62,2025-03-19
CLM-319,Auto,39428.85,31/03/2025
CLM-320,Home,42316.14,2025-02-09
CLM-321,Life,31236.34,"December 24, 2025"
CLM-322,Home,8206.15,"February 03, 2025"
CLM-323,Life,27280.66,
CLM-324,,22251.89,07/01/2025
CLM-325,Home,8945.22,05/06/2025
CLM-326,Home,18252.02,24/09/2025
CLM-327,Home,"$29,749.38","January 05, 2025"
CLM-328,Health,,
CLM-329,Home,"$27,166.65",2025-04-10
CLM-330,Home,9635.92,"September 19, 2025"
CLM-331,Life,9206.05,27/01/2025
CLM-332,Home,25668.78,2025-11-05
CLM-333,Auto,25438.99,12/05/2025
CLM-334,Home,36651.34,"September 30, 2025"
CLM-335,Life,"$31,318.23",2025-05-27
CLM-336,Life,,19/05/2025
CLM-337,Home,22500.94,27/01/2025
CLM-338,Health,"$34,552.59",2025-03-12
CLM-339,Health,3931.32,2025-02-22
CLM-340,Health,"$25,083.27",
CLM-341,Health,"$13,429.39",2025-04-28
CLM-342,Auto,8688.08,14/07/2025
CLM-343,Life,13961.46,
CLM-344,Life,45450.21,26/08/2025
CLM-345,Auto,2657.3,2025-09-24
CLM-346,Life,,"June 18, 2025"
CLM-347,Home,24551.54,2025-06-02
CLM-348,Life,48722.9,19/03/2025
CLM-349,Health,13940.25,24/10/2025
CLM-350,Life,21659.67,"January 24, 2025"
CLM-351,Auto,49737.19,2025-09-19
CLM-352,Health,24773.36,2025-10-28
CLM-353,Health,"$32,798.41","February 23, 2025"
CLM-354,Home,27135.1,2025-08-11
CLM-355,Auto,39229.56,2025-10-27
CLM-356,Home,8658.6,01/09/2025
CLM-357,Health,11382.28,2025-02-05
CLM-358,Life,24135.11,07/07/2025
CLM-359,Health,,"May 01, 2025"
CLM-360,Auto,"$45,073.78","April 09, 2025"
CLM-361,Life,17104.18,"August 07, 2025"
CLM-362,Health,4635.31,
CLM-363,Health,2488.95,"July 28, 2025"
CLM-364,Life,3619.64,25/03/2025
CLM-365,Auto,35430.1,18/03/2025
CLM-366,Health,7882.95,2025-01-13
CLM-367,Life,27323.51,"November 23, 2025"
CLM-368,Home,5496.58,2025-04-20
CLM-369,Home,39279.8,18/10/2025
CLM-370,Home,27005.36,"September 08, 2025"
CLM-371,Home,47627.59,04/11/2025
CLM-372,Home,9602.27,"January 17, 2025"
CLM-373,Health,45706.53,"March 03, 2025"
CLM-374,Home,21119.98,"September 28, 2025"
CLM-375,,11677.3,2025-12-04
CLM-376,Health,23579.87,2025-10-16
CLM-377,Health,"$20,113.67","August 28, 2025"
CLM-378,Home,2357.75,"October 27, 2025"
CLM-379,Auto,38638.11,"July 06, 2025"
CLM-380,Life,"$29,646.11",2025-04-08
CLM-381,Auto,21888.6,"November 16, 2025"
CLM-382,Life,"$8,872.36",24/09/2025
CLM-383,Health,14051.29,30/05/2025
CLM-384,Auto,25584.92,21/11/2025
CLM-385,Auto,14458.47,"August 28, 2025"
CLM-386,Health,"$38,960.14","May 06, 2025"
CLM-387,Home,17494.6,18/01/2025
CLM-388,Home,12463.13,12/03/2025
CLM-389,Life,46585.95,16/01/2025
CLM-390,Home,"$49,605.74",2025-07-14
CLM-391,Auto,13946.99,22/08/2025
CLM-392,Health,"$33,048.80",2025-06-14
CLM-393,Life,49928.25,"July 13, 2025"
CLM-394,Life,47452.29,25/06/2025
CLM-395,Health,"$22,507.24",18/04/2025
CLM-396,,"$5,194.10",2025-12-27
CLM-397,Auto,49439.65,2025-07-31
CLM-398,,10094.22,28/08/2025
CLM-399,Life,"$1,772.27",2025-04-05
CLM-400,Life,14132.61,"October 13, 2025"
CLM-401,Life,21150.6,2025-03-08
CLM-402,Home,21187.0,10/04/2025
CLM-403,Life,5403.68,22/07/2025
CLM-404,Auto,"$1,842.97","July 15, 2025"
CLM-405,Auto,10516.69,
CLM-406,Auto,12237.49,"November 27, 2025"
CLM-407,Life,29477.61,2025-12-24
CLM-408,Health,"$27,219.21","May 24, 2025"
CLM-409,Auto,34518.45,2025-02-16
CLM-410,Health,48017.14,17/09/2025
CLM-411,Home,37339.91,"September 16, 2025"
CLM-412,Health,"$23,656.77",2025-08-21
CLM-413,Health,35759.33,07/03/2025
CLM-414,Auto,12622.02,06/11/2025
CLM-415,Auto,"$8,187.35","February 09, 2025"
CLM-416,Health,33979.78,01/01/2025
CLM-417,Auto,10285.57,
CLM-418,Health,"$37,079.56",
CLM-419,Auto,49798.96,
CLM-420,,"$26,776.70",18/03/2025
CLM-421,Home,35974.62,2025-06-26
CLM-422,Auto,9319.07,2025-06-26
CLM-423,Health,893.39,2025-10-29
CLM-424,Life,48906.66,"April 13, 2025"
CLM-425,Life,"$12,717.55","October 14, 2025"
CLM-426,Auto,6011.96,"November 22, 2025"
CLM-427,Auto,2843.49,2025-12-08
CLM-428,Life,"$29,363.09","January 14, 2025"
CLM-429,Life,"$21,661.29","August 14, 2025"
CLM-430,Auto,39885.98,11/01/2025
CLM-431,Life,34122.04,31/08/2025
CLM-432,Home,"$44,196.64","June 07, 2025"
CLM-433,Life,"$37,050.82",13/03/2025
CLM-434,Auto,47387.2,15/03/2025
CLM-435,,"$46,885.59","May 28, 2025"
CLM-436,Life,13002.62,07/01/2025
CLM-437,Life,"$38,571.13",
CLM-438,Life,3512.93,2025-06-08
CLM-439,,10890.72,2025-07-31
CLM-440,Life,49736.24,2025-05-04
CLM-441,Life,17076.26,26/12/2025
CLM-442,Life,17367.51,"August 09, 2025"
CLM-443,Auto,"$2,228.36","May 08, 2025"
CLM-444,Health,$868.13,2025-11-19
CLM-445,Auto,"$49,586.92",2025-04-27
CLM-446,Auto,45106.45,04/12/2025
CLM-447,Health,29649.72,25/11/2025
CLM-448,Auto,45563.32,"October 23, 2025"
CLM-449,Home,40640.1,2025-08-11
CLM-450,Home,35539.45,"May 10, 2025"
CLM-451,Home,33844.28,"August 26, 2025"
CLM-452,Health,49792.68,2025-10-23
CLM-453,Life,16843.69,
CLM-454,Health,24011.66,"July 11, 2025"
CLM-455,Life,"$45,691.69",2025-10-05
CLM-456,Life,31773.97,20/09/2025
CLM-457,Auto,28014.29,06/02/2025
CLM-458,Home,30035.92,"February 06, 2025"
CLM-459,Home,30042.09,2025-11-08
CLM-460,Health,34408.9,
CLM-461,Home,12923.67,"April 05, 2025"
CLM-462,Health,44034.4,"March 13, 2025"
CLM-463,Health,"$9,712.80","December 10, 2025"
CLM-464,Life,35524.41,2025-10-01
CLM-465,Auto,45831.0,"September 06, 2025"
CLM-466,Life,10089.27,
CLM-467,Auto,,"March 31, 2025"
CLM-468,,3671.1,2025-03-28
CLM-469,Home,41457.05,03/03/2025
CLM-470,Health,,26/07/2025
CLM-471,Home,3886.32,"May 01, 2025"
CLM-472,Health,15999.84,"February 13, 2025"
CLM-473,Life,,16/03/2025
CLM-474,Home,47305.04,"May 08, 2025"
CLM-475,Life,43610.06,"August 10, 2025"
CLM-476,Life,21705.15,"March 31, 2025"
CLM-477,Health,25220.29,26/11/2025
CLM-478,Auto,10647.09,"February 15, 2025"
CLM-479,Home,39946.69,2025-01-18
CLM-480,Health,33524.74,23/01/2025
CLM-481,Auto,"$10,628.78","January 15, 2025"
CLM-482,Auto,30196.35,"January 21, 2025"
CLM-483,Auto,5963.37,2025-11-06
CLM-484,Home,29209.35,"September 01, 2025"
CLM-485,Auto,28660.83,28/04/2025
CLM-486,Health,14571.41,2025-04-29
CLM-487,Health,7628.24,17/02/2025
CLM-488,Home,36932.07,11/11/2025
CLM-489,Health,5284.51,29/08/2025
CLM-490,Health,"$23,658.02","December 08, 2025"
CLM-491,Health,39456.77,16/09/2025
CLM-492,Health,13280.94,12/06/2025
CLM-493,Home,5352.33,2025-07-16
CLM-494,Life,"$31,496.51",27/09/2025
CLM-495,Home,7963.68,"December 27, 2025"
CLM-496,,16661.16,"September 08, 2025"
CLM-497,Life,32582.08,2025-10-05
CLM-498,Health,32266.28,2025-10-18
CLM-499,Life,48396.77,15/04/2025
CLM-500,Health,18263.96,"May 21, 2025"
